gene,correlation_TCGA-LGG
ENSG00000167286.8,0.2420825062751333
ENSG00000198821.9,0.15200040397150885
ENSG00000198851.8,0.33209037160181504
ENSG00000160654.8,0.5072667764936808
