gene,correlation_TCGA-LGG_fold_0,correlation_TCGA-LGG_fold_1,correlation_TCGA-LGG_fold_2,correlation_TCGA-LGG_fold_3,correlation_TCGA-LGG_fold_4
ENSG00000167286.8,0.27451104528588666,0.21043787881009485,-0.11012597074181434,0.12254321351519491,0.12722936363831627
ENSG00000198821.9,0.3388176927229972,0.20252304020566697,-0.005083895633216077,0.06317356435336938,0.175913821027046
ENSG00000198851.8,0.310239810626472,0.34732101278617244,0.1010731958171278,0.06564697941932165,0.22064584998881698
ENSG00000160654.8,0.15472734053986134,0.09658840976594267,-0.0060359263024147266,0.06127986289696393,0.09712324433730944
